Date,Prediction_close
2013-06-20,29.153980215664376
2013-06-21,28.92052471716933
2013-06-24,29.104957694748933
2013-06-25,28.99022246818319
2013-06-26,29.35511304350654
2013-06-27,29.71614062993128
2013-06-28,29.824512949958212
2013-07-01,29.575284077450576
2013-07-02,29.075458712577635
2013-07-03,29.324541590132945
2013-07-05,29.019009217843895
2013-07-08,29.239240913071107
2013-07-09,29.47429245839676
2013-07-10,29.840153295027875
2013-07-11,30.377947058003528
2013-07-12,30.38988861894326
2013-07-15,30.9416901994869
2013-07-16,31.313355890545495
2013-07-17,30.94726480351671
2013-07-18,30.683680831382212
2013-07-19,28.292249330423836
2013-07-22,28.653540549927314
2013-07-23,27.8897874586007
2013-07-24,27.55613958635341
2013-07-25,27.155116525324182
2013-07-26,27.41117728061969
2013-07-29,27.174418397804303
2013-07-30,27.210131824311468
2013-07-31,26.96262892503568
2013-08-01,27.13141354118757
2013-08-02,27.347511698946377
2013-08-05,27.34188286556688
2013-08-06,27.246455024312183
2013-08-07,27.596583318517617
2013-08-08,28.121567667040658
2013-08-09,28.15827187104565
2013-08-12,28.621860346928074
2013-08-13,28.465083926031234
2013-08-14,28.70954064517548
2013-08-15,27.769088816518725
2013-08-16,28.057812863977844
2013-08-19,27.697314164036996
2013-08-20,27.70402199832862
2013-08-21,27.88810962187761
2013-08-22,28.024647818943066
2013-08-23,28.833868662697817
2013-08-26,29.037747638361452
2013-08-27,28.96349205183791
2013-08-28,28.881348776704954
2013-08-29,29.066293425926496
2013-08-30,28.78788432663187
2013-09-03,27.84453924437372
2013-09-04,27.625190910427996
2013-09-05,27.518993964992447
2013-09-06,27.154130436219518
2013-09-09,27.461930315208058
2013-09-10,27.805287323899442
2013-09-11,28.303097293721216
2013-09-12,28.305606188004333
2013-09-13,28.652980564826727
2013-09-16,28.540375183105297
2013-09-17,28.475036168661205
2013-09-18,28.659562161107623
2013-09-19,28.94444825836007
2013-09-20,28.30732442508205
2013-09-23,28.53601878978528
2013-09-24,28.32507079398504
2013-09-25,28.44243567587906
2013-09-26,28.469634493885025
2013-09-27,28.86722762793807
2013-09-30,28.568766203648963
2013-10-01,29.015826508847752
2013-10-02,29.23503116826535
2013-10-03,29.189550338404054
2013-10-04,29.44400065524377
2013-10-07,29.004530785245294
2013-10-08,28.890942434050878
2013-10-09,28.98413199602063
2013-10-10,29.32817850363419
2013-10-11,29.451818807180068
2013-10-14,29.657976239341515
2013-10-15,29.929578389358348
2013-10-16,30.162216235524355
2013-10-17,30.295372419500524
2013-10-18,30.242654073924008
2013-10-21,30.398741062969158
2013-10-22,30.142001837515878
2013-10-23,29.747197636959505
2013-10-24,29.688260893659212
2013-10-25,30.750431454850755
2013-10-28,30.29201106679561
2013-10-29,30.49005959940242
2013-10-30,30.97185284533846
2013-10-31,30.60142143276999
2013-11-01,30.732616653842562
2013-11-04,30.994640228610514
2013-11-05,31.310958487747826
2013-11-06,32.076923738382426
2013-11-07,32.30171076329794
2013-11-08,32.73642179460398
2013-11-11,32.93515455940142
2013-11-12,32.63189373994258
2013-11-13,33.060737013324996
2013-11-14,33.068210723727226
2013-11-15,32.95078191362677
2013-11-18,32.48528573199264
2013-11-19,32.506216311080806
2013-11-20,32.47214126067147
2013-11-21,32.63977508359963
2013-11-22,32.66879815004407
2013-11-25,32.79004344413755
2013-11-26,32.66047223015665
2013-11-27,32.7469186409664
2013-11-29,33.043066817053855
2013-12-02,33.210065797136885
2013-12-03,33.13766914819396
2013-12-04,33.75301334748459
2013-12-05,33.12133496750568
2013-12-06,33.704795960422096
2013-12-09,34.05053655432714
2013-12-10,33.778799822195595
2013-12-11,33.208205921222024
2013-12-12,32.903363345192396
2013-12-13,32.5305229571203
2013-12-16,32.29306041807252
2013-12-17,32.034069706410975
2013-12-18,31.580218425080425
2013-12-19,31.642666205622653
2013-12-20,32.085210127393665
2013-12-23,31.794089921207267
2013-12-24,32.17220373619689
2013-12-26,32.3826171915806
2013-12-27,32.40129801115143
2013-12-30,32.32452768299155
2013-12-31,32.685349753780784
2014-01-02,32.49762119114517
2014-01-03,32.39429091840598
2014-01-06,32.16271516453237
2014-01-07,32.12849016920827
2014-01-08,31.635767511892162
2014-01-09,31.426312842575058
2014-01-10,31.666079685355463
2014-01-13,31.02959766313409
2014-01-14,31.429547814948208
2014-01-15,31.988271936149992
2014-01-16,32.07821001179575
2014-01-17,31.891979146794277
2014-01-21,32.10970555966134
2014-01-22,31.60688875735211
2014-01-23,31.455139829749477
2014-01-24,31.946109961320666
2014-01-27,31.386442924056936
2014-01-28,31.396065340434504
2014-01-29,32.04450040499975
2014-01-30,31.950966270756254
2014-01-31,32.686469949938434
2014-02-03,32.24696152473857
2014-02-04,32.134157153863754
2014-02-05,31.693753491147277
2014-02-06,31.7189573996516
2014-02-07,31.544779108064795
2014-02-10,31.860666362919524
2014-02-11,32.335698495200226
2014-02-12,32.82123516557747
2014-02-13,33.03898758304472
2014-02-14,33.018591941694254
2014-02-18,33.03446084137001
2014-02-19,33.07562051838545
2014-02-20,33.16366286604859
2014-02-21,33.401175429599554
2014-02-24,33.17800724764778
2014-02-25,33.13750833104508
2014-02-26,33.031995339361245
2014-02-27,33.201555494654905
2014-02-28,33.57630480351294
2014-03-03,33.21372713667652
2014-03-04,33.80967598373971
2014-03-05,33.60286612850276
2014-03-06,33.57368687332908
2014-03-07,33.38996683046101
2014-03-10,33.29464468647466
2014-03-11,33.454029182769375
2014-03-12,33.61560186826952
2014-03-13,33.280076823981915
2014-03-14,33.358541052029636
2014-03-17,33.61627924389563
2014-03-18,34.22199913795335
2014-03-19,33.96020617641621
2014-03-20,35.11174830051427
2014-03-21,35.25188801830653
2014-03-24,35.57473002194223
2014-03-25,35.580258420911036
2014-03-26,35.32376248712348
2014-03-27,34.90257612857098
2014-03-28,35.49403441568447
2014-03-31,35.818980778655096
2014-04-01,36.166962617931716
2014-04-02,36.38712238648352
2014-04-03,36.22161572080526
2014-04-04,35.69398867583455
2014-04-07,35.531824717179695
2014-04-08,35.00134966413675
2014-04-09,35.471008078805134
2014-04-10,34.55871042311772
2014-04-11,34.79062707989134
2014-04-14,34.43629870024779
2014-04-15,34.70528472468014
2014-04-16,34.96019280415999
2014-04-17,34.69124527642238
2014-04-21,35.093339347386774
2014-04-22,35.293479453175784
2014-04-23,34.88447073555206
2014-04-24,34.88052585004104
2014-04-25,35.103477182337244
2014-04-28,35.61616937995803
2014-04-29,35.381658674921916
2014-04-30,35.418943494081134
2014-05-01,35.22496972650938
2014-05-02,35.11933933077849
2014-05-05,34.83138385588955
2014-05-06,34.64447779790604
2014-05-07,34.497652528124384
2014-05-08,34.79788396193256
2014-05-09,34.917396170982414
2014-05-12,35.08320936667362
2014-05-13,35.65872780141389
2014-05-14,35.54625990249786
2014-05-15,35.27216374374405
2014-05-16,35.27235438173861
2014-05-19,35.375628768288564
2014-05-20,35.29855778278493
2014-05-21,35.752503265706565
2014-05-22,35.68968691883851
2014-05-23,35.75026834990445
2014-05-27,35.72958534258168
2014-05-28,35.678207175640324
2014-05-29,35.814003599486945
2014-05-30,36.097743287603826
2014-06-02,36.21283501177498
2014-06-03,35.90849667492286
2014-06-04,35.806129299589614
2014-06-05,36.56725009247793
2014-06-06,36.72573851426703
2014-06-09,36.63879377507175
2014-06-10,36.690507020805626
2014-06-11,36.569780026088225
2014-06-12,36.21550608164361
2014-06-13,36.73328066580679
2014-06-16,36.832452689160085
2014-06-17,36.518187498792955
2014-06-18,36.88342807022177
2014-06-19,37.1350205014821
2014-06-20,37.30052449248679
2014-06-23,37.4850169943573
2014-06-24,37.04623682490303
2014-06-25,37.10734028327458
2014-06-26,36.84571736054386
2014-06-27,37.19895187028026
2014-06-30,36.916147366670984
2014-07-01,37.20566574945892
2014-07-02,37.06736060944544
2014-07-03,37.06873118434493
2014-07-07,37.26829717526067
2014-07-08,37.102527330837546
2014-07-09,37.009066183407704
2014-07-10,37.043577337637
2014-07-11,37.20012199092925
2014-07-14,37.28489386046064
2014-07-15,37.39150939597368
2014-07-16,38.46898830628271
2014-07-17,38.68192558971572
2014-07-18,38.87344368927742
2014-07-21,39.62418727166324
2014-07-22,39.971568431531246
2014-07-23,39.58596743480867
2014-07-24,39.47906766718755
2014-07-25,39.591238928934985
2014-07-28,39.12923561681958
2014-07-29,38.82528826746881
2014-07-30,38.73023986740131
2014-07-31,38.641570263385645
2014-08-01,38.098377646303064
2014-08-04,38.3649136324201
2014-08-05,37.94877558826562
2014-08-06,37.74881579535178
2014-08-07,38.222622154827675
2014-08-08,38.12018391483023
2014-08-11,38.20928926658789
2014-08-12,38.32142963442131
2014-08-13,38.624515642356144
2014-08-14,38.839916409675716
2014-08-15,39.22328455178732
2014-08-18,39.65120032810425
2014-08-19,40.08012329815766
2014-08-20,40.106593405180234
2014-08-21,40.44363787130233
2014-08-22,40.497598708084695
2014-08-25,40.45379093341204
2014-08-26,40.40056122004482
2014-08-27,40.280387405180115
2014-08-28,40.24958356923534
2014-08-29,40.53490109583221
2014-09-02,40.28116820613951
2014-09-03,40.25964177411157
2014-09-04,40.45588459188541
2014-09-05,40.84061031910932
2014-09-08,41.17097761636885
2014-09-09,41.49389408595125
2014-09-10,41.61901170774334
2014-09-11,42.02698266946876
2014-09-12,41.89980211541394
2014-09-15,41.594966124931005
2014-09-16,41.87478936351181
2014-09-17,41.679954653221536
2014-09-18,41.704155495296135
2014-09-19,42.0476916202935
2014-09-22,42.008317205716395
2014-09-23,41.719611587438465
2014-09-24,41.918620316689754
2014-09-25,41.530518940513325
2014-09-26,41.490909846235546
2014-09-29,41.35818310978385
2014-09-30,41.21217071925032
2014-10-01,40.9900082494956
2014-10-02,41.01060654239739
2014-10-03,41.03820325319631
2014-10-06,41.05857570937835
2014-10-07,40.60745104520648
2014-10-08,41.35428336740512
2014-10-09,41.04563230020517
2014-10-10,40.10825461348832
2014-10-13,39.68682924460184
2014-10-14,39.424743519849756
2014-10-15,38.03686130883315
2014-10-16,37.89215014823153
2014-10-17,38.75661261242933
2014-10-20,38.909997765561236
2014-10-21,39.52763659671424
2014-10-22,39.235547449331996
2014-10-23,39.98043608417131
2014-10-24,40.27624908934151
2014-10-27,40.435586147784164
2014-10-28,41.08654443291456
2014-10-29,41.55804050067116
2014-10-30,41.17127372339496
2014-10-31,41.68693539798345
2014-11-03,42.32288572310675
2014-11-04,42.641323899503014
2014-11-05,42.76082564367076
2014-11-06,43.516541137319884
2014-11-07,43.60591355643233
2014-11-10,43.93263072075181
2014-11-11,43.979359162047786
2014-11-12,43.94385543702677
2014-11-13,44.19550456588939
2014-11-14,44.13320530250612
2014-11-17,44.21058373386901
2014-11-18,43.864330249112335
2014-11-19,43.528667541847234
2014-11-20,43.685460658379505
2014-11-21,43.16282970959073
2014-11-24,42.79007617642716
2014-11-25,42.788163253731
2014-11-26,42.69409020388787
2014-11-28,42.5497704351581
2014-12-01,43.10775727124968
2014-12-02,43.181025100603996
2014-12-03,42.97881822570596
2014-12-04,43.63810918445262
2014-12-05,43.492685914265124
2014-12-08,42.921434096475124
2014-12-09,42.973651184320296
2014-12-10,42.38006113989318
2014-12-11,42.44457929320923
2014-12-12,42.47974362364447
2014-12-15,42.20873183386522
2014-12-16,41.12685768377138
2014-12-17,41.19775045075988
2014-12-18,42.06481670471347
2014-12-19,42.255617400744086
2014-12-22,42.78134421601733
2014-12-23,43.43767465571297
2014-12-24,43.224130941323764
2014-12-26,42.94972999470068
2014-12-29,42.59446052057841
2014-12-30,42.45333880214969
2014-12-31,42.19118871946249
2015-01-02,42.356319971492894
2015-01-05,41.91188537268122
2015-01-06,41.517772293813515
2015-01-07,41.488724621100616
2015-01-08,42.49571294655778
2015-01-09,42.15405620805122
2015-01-12,41.96031040845614
2015-01-13,42.29390030759557
2015-01-14,41.54772592330192
2015-01-15,41.13280391926025
2015-01-16,41.23590381370617
2015-01-20,41.148202372538485
2015-01-21,41.19527524082624
2015-01-22,42.047322037264614
2015-01-23,42.22201824237042
2015-01-26,41.97255032471313
2015-01-27,39.392979714116464
2015-01-28,39.03581672508182
2015-01-29,38.61503329118318
2015-01-30,36.83344042806726
2015-02-02,37.21317164007275
2015-02-03,37.27668133717942
2015-02-04,37.59667699830461
2015-02-05,37.68475895181549
2015-02-06,37.73556572566813
2015-02-09,38.127472202945455
2015-02-10,38.19346219378229
2015-02-11,38.17207982773371
2015-02-12,38.58358098054858
2015-02-13,38.93926644954023
2015-02-17,39.205365697333555
2015-02-18,39.61366934579004
2015-02-19,39.84578311776778
2015-02-20,40.204117838920425
2015-02-23,40.51749480843242
2015-02-24,40.58046379206216
2015-02-25,40.54361886144081
2015-02-26,40.59976069971449
2015-02-27,40.282473679679626
2015-03-02,40.2928868418284
2015-03-03,39.97233007027459
2015-03-04,39.67973759548266
2015-03-05,39.52806579123267
2015-03-06,39.00119981962079
2015-03-09,39.24777707470982
2015-03-10,38.71466822355987
2015-03-11,38.3155694887214
2015-03-12,37.48177865824917
2015-03-13,37.426904539794485
2015-03-16,37.38738404997578
2015-03-17,37.53247028084683
2015-03-18,38.05313680232229
2015-03-19,38.138993656972204
2015-03-20,38.466444880553546
2015-03-23,38.71424722389352
2015-03-24,38.95952564037922
2015-03-25,37.94401333743532
2015-03-26,37.8198711524932
2015-03-27,37.55485248694142
2015-03-30,37.407441616537234
2015-03-31,36.83020370486753
2015-04-01,36.88642154000948
2015-04-02,36.63764473650071
2015-04-06,37.35410668787247
2015-04-07,37.29141146117069
2015-04-08,37.050606169511525
2015-04-09,37.57031376909338
2015-04-10,37.924955081421274
2015-04-13,37.77562005615604
2015-04-14,37.662938954433194
2015-04-15,38.020167668837324
2015-04-16,38.00644570905021
2015-04-17,37.48900529262787
2015-04-20,38.708662911343396
2015-04-21,38.71082451727493
2015-04-22,39.08787591605287
2015-04-23,39.40360761407385
2015-04-24,41.69482985242965
2015-04-27,42.33880461272329
2015-04-28,43.91896815880473
2015-04-29,45.01048294703319
2015-04-30,45.19738381203571
2015-05-01,44.55349065802726
2015-05-04,44.57857510725662
2015-05-05,43.69398865656458
2015-05-06,42.722414122038074
2015-05-07,43.010653489967844
2015-05-08,43.36105384914237
2015-05-11,42.99531645699299
2015-05-12,42.50247431560322
2015-05-13,42.765092045145984
2015-05-14,43.43163558379846
2015-05-15,42.973161041674864
2015-05-18,42.87244782532191
2015-05-19,42.41972752890236
2015-05-20,42.5424680419261
2015-05-21,42.38129947836061
2015-05-22,42.29540253108514
2015-05-26,42.091075218085216
2015-05-27,42.882207178723554
2015-05-28,43.012801288215364
2015-05-29,42.30299235558711
2015-06-01,42.841709564992634
2015-06-02,42.631528169505465
2015-06-03,42.660677998664816
2015-06-04,42.2759030226805
2015-06-05,41.926649193236734
2015-06-08,41.66970592870678
2015-06-09,41.43037130640081
2015-06-10,42.08801233443187
2015-06-11,42.0099075756488
2015-06-12,41.87034515437539
2015-06-15,41.37181452037522
2015-06-16,41.922742461390335
2015-06-17,41.6844077279855
2015-06-18,42.44775293568595
2015-06-19,42.109061738214514
2015-06-22,42.490749827778366
2015-06-23,42.09675330421356
2015-06-24,42.159074256244175
2015-06-25,41.806537876501906
2015-06-26,41.89783392292868
2015-06-29,41.22519682775046
2015-06-30,40.75704423741147
2015-07-01,41.067371336554615
2015-07-02,40.48463841048856
2015-07-06,40.544787582143144
2015-07-07,40.15538228240756
2015-07-08,40.61477942234891
2015-07-09,40.85923040696258
2015-07-10,40.66854642883838
2015-07-13,41.38131624136178
2015-07-14,41.3888806941053
2015-07-15,41.509494977185206
2015-07-16,42.23723173033982
2015-07-17,42.42968584257522
2015-07-20,42.74073763707239
2015-07-21,43.16223131670104
2015-07-22,42.863486830047215
2015-07-23,42.66840700759316
2015-07-24,42.61588077668579
2015-07-27,41.90675226493283
2015-07-28,41.443306166698086
2015-07-29,42.449827330286794
2015-07-30,42.586470736211695
2015-07-31,42.44588911259564
2015-08-03,42.553080230075395
2015-08-04,43.26436231950573
2015-08-05,43.25816452474558
2015-08-06,42.20242218597028
2015-08-07,42.27741357038454
2015-08-10,42.766716129240194
2015-08-11,41.888166354608735
2015-08-12,42.22611950833979
2015-08-13,42.41650254358886
2015-08-14,42.6743329913862
2015-08-17,42.772212496242744
2015-08-18,43.021443237630905
2015-08-19,42.529247197957766
2015-08-20,42.37214784583971
2015-08-21,40.80902779678245
2015-08-24,39.40994475203314
2015-08-25,38.54878705577422
2015-08-26,38.46671656278151
2015-08-27,39.095649324854335
2015-08-28,39.601262783851986
2015-08-31,39.27656411128292
2015-09-01,38.38061544838894
2015-09-02,38.951831588107964
2015-09-03,39.327560113555315
2015-09-04,38.64561684172449
2015-09-08,39.85959844377572
2015-09-09,39.48164939320553
2015-09-10,39.65472407047778
2015-09-11,39.65336411346621
2015-09-14,39.33144072168214
2015-09-15,40.1304213453909
2015-09-16,40.4654763623637
2015-09-17,40.73493459987516
2015-09-18,40.166178075377594
2015-09-21,40.834779985654386
2015-09-22,40.4107315571409
2015-09-23,40.268774963117174
2015-09-24,40.443885747299916
2015-09-25,40.61079199355506
2015-09-28,40.12677590819355
2015-09-29,39.98815315279442
2015-09-30,40.46634876038045
2015-10-01,40.54424653709242
2015-10-02,41.25672575804531
2015-10-05,42.395904755744766
2015-10-06,42.87787475176431
2015-10-07,42.955792537780496
2015-10-08,44.00625913099091
2015-10-09,43.54770596764705
2015-10-12,43.266190535129084
2015-10-13,43.527934983207004
2015-10-14,43.18565882709732
2015-10-15,42.81839561698253
2015-10-16,43.46560721015609
2015-10-19,43.45313229831783
2015-10-20,43.51085355238164
2015-10-21,43.49408960543587
2015-10-22,43.805425511352034
2015-10-23,46.38469529019206
2015-10-26,47.60553197174301
2015-10-27,48.70338054530783
2015-10-28,49.745910109803965
2015-10-29,49.265351967624824
2015-10-30,49.24650237538324
2015-11-02,48.965372331298475
2015-11-03,49.54236345723228
2015-11-04,49.43891931292929
2015-11-05,49.69891359843873
2015-11-06,50.340677369873966
2015-11-09,49.81353536081139
2015-11-10,49.16719604182415
2015-11-11,49.22070980886905
2015-11-12,48.77259044118505
2015-11-13,48.013900499851694
2015-11-16,48.46270910470481
2015-11-17,47.997858281742346
2015-11-18,48.36229699788837
2015-11-19,49.04705493390863
2015-11-20,48.73361065915105
2015-11-23,49.28120396393829
2015-11-24,49.59874354308469
2015-11-25,49.39752185205307
2015-11-27,49.62496530956343
2015-11-30,49.62134529260366
2015-12-01,50.12025593475267
2015-12-02,50.33624870963185
2015-12-03,49.7739203790474
2015-12-04,51.129405955942076
2015-12-07,51.20242071815976
2015-12-08,51.44101223248655
2015-12-09,51.08714320354241
2015-12-10,51.44701756529007
2015-12-11,50.64139378330109
2015-12-14,50.67375341154062
2015-12-15,50.98660313895128
2015-12-16,51.21164161718355
2015-12-17,51.28042327581077
2015-12-18,50.41436273653182
2015-12-21,50.57574769380278
2015-12-22,50.68659345768838
2015-12-23,51.01172024285853
2015-12-24,51.13231077337632
2015-12-28,51.39033333146038
2015-12-29,52.10501785641312
2015-12-30,52.13339514148212
2015-12-31,51.531379131050336
2016-01-04,50.79724160885227
2016-01-05,51.0709418412847
2016-01-06,49.9717485474498
2016-01-07,49.16486194105338
2016-01-08,49.147661396676874
2016-01-11,48.178512112416804
2016-01-12,48.26563214328642
2016-01-13,47.50429875247911
2016-01-14,48.27152575188871
2016-01-15,47.03648333591767
2016-01-19,46.65349830108004
2016-01-20,46.44135821365928
2016-01-21,46.65315465666861
2016-01-22,47.5611926428764
2016-01-25,47.63595302942348
2016-01-26,47.95981486428652
2016-01-27,47.1759753027545
2016-01-28,47.745207560338294
2016-01-29,49.22986076078754
2016-02-01,49.88409927608408
2016-02-02,49.07335656258811
2016-02-03,48.83828788791765
2016-02-04,49.243130380114316
2016-02-05,47.47595918403804
2016-02-08,46.16871433236367
2016-02-09,46.66035047239537
2016-02-10,46.58306711750088
2016-02-11,46.14288361207611
2016-02-12,46.55283954678543
2016-02-16,46.621288677279644
2016-02-17,48.118554743183374
2016-02-18,48.59450490190486
2016-02-19,48.150504636687124
2016-02-22,49.250143095006756
2016-02-23,47.998196958185524
2016-02-24,47.99945370899213
2016-02-25,48.0572439589934
2016-02-26,48.23603398845375
2016-02-29,47.88689521939116
2016-03-01,49.047653304497565
2016-03-02,49.248472027458625
2016-03-03,48.80833722949519
2016-03-04,48.895419521743754
2016-03-07,48.33059652499393
2016-03-08,48.6932407507151
2016-03-09,49.172657170885095
2016-03-10,48.18528495554178
2016-03-11,49.12194973202846
2016-03-14,49.64464066927342
2016-03-15,49.87181982332424
2016-03-16,50.30945910244504
2016-03-17,50.49502062592524
2016-03-18,49.85264729744481
2016-03-21,49.94497850344016
2016-03-22,50.25779721036606
2016-03-23,50.10412449950608
2016-03-24,50.306978373289674
2016-03-28,50.05996752962479
2016-03-29,50.57191861420028
2016-03-30,50.99973043237545
2016-03-31,51.188835184209275
2016-04-01,51.29943759168203
2016-04-04,51.650490071055934
2016-04-05,50.93412193337938
2016-04-06,51.28728140530385
2016-04-07,50.70705678999473
2016-04-08,50.94760214624973
2016-04-11,50.805166275779435
2016-04-12,50.60508046911256
2016-04-13,51.16750419500445
2016-04-14,51.347700504610266
2016-04-15,51.61481614022103
2016-04-18,52.10096794848267
2016-04-19,51.89862044855209
2016-04-20,51.7724318340213
2016-04-21,51.95118830004858
2016-04-22,49.33351741953111
2016-04-25,49.40563607994864
2016-04-26,48.341060385661585
2016-04-27,47.34932989849968
2016-04-28,46.914432310924944
2016-04-29,46.89957460719091
2016-05-02,46.7372719993805
2016-05-03,46.00647370674381
2016-05-04,45.8762483846882
2016-05-05,46.432898159207106
2016-05-06,46.525053895097194
2016-05-09,46.39971094224453
2016-05-10,47.17930402415026
2016-05-11,47.547223843452535
2016-05-12,47.95824199582744
2016-05-13,48.04464854544762
2016-05-16,48.66563846776571
2016-05-17,47.962329790780736
2016-05-18,48.36500918835494
2016-05-19,47.87052108468729
2016-05-20,48.52601747998782
2016-05-23,47.75277270625636
2016-05-24,48.78760779468764
2016-05-25,49.2534520332479
2016-05-26,48.951378262706406
2016-05-27,49.712629055200004
2016-05-31,50.31004727890103
2016-06-01,50.26788286440837
2016-06-02,49.86392700847332
2016-06-03,49.56066651558715
2016-06-06,49.809932371041846
2016-06-07,49.69554633030098
2016-06-08,49.52877101149817
2016-06-09,48.94601941843266
2016-06-10,49.153166452609916
2016-06-13,47.95854755133733
2016-06-14,47.58922224750683
2016-06-15,47.38389195254136
2016-06-16,47.29000570724523
2016-06-17,46.993819309971784
2016-06-20,46.949802803841635
2016-06-21,47.55934647840878
2016-06-22,47.69594462498535
2016-06-23,48.11334574843554
2016-06-24,47.16322267894481
2016-06-27,46.1165560432334
2016-06-28,46.5579604898326
2016-06-29,47.204863812247154
2016-06-30,47.48844245028552
2016-07-01,47.86206756184988
2016-07-05,47.96642345366181
2016-07-06,47.99416031060819
2016-07-07,48.09495593270995
2016-07-08,48.62007049978029
2016-07-11,49.090626767767674
2016-07-12,49.58971153482887
2016-07-13,49.910472120541115
2016-07-14,50.41089796882361
2016-07-15,50.154098451559356
2016-07-18,50.62021618230383
2016-07-19,49.90554200977836
2016-07-20,51.37367138865009
2016-07-21,51.49633661724703
2016-07-22,52.5261598713291
2016-07-25,53.16006924795188
2016-07-26,53.24634467100286
2016-07-27,52.76805140884688
2016-07-28,52.73087220075315
2016-07-29,52.937580744210784
2016-08-01,52.65313614196686
2016-08-02,52.827446324613376
2016-08-03,53.21313616603257
2016-08-04,53.37381999819487
2016-08-05,53.75785981110593
2016-08-08,53.883854308006036
2016-08-09,54.24283855953636
2016-08-10,54.13028599335215
2016-08-11,54.29785286780801
2016-08-12,53.814260456697546
2016-08-15,54.12834435419935
2016-08-16,53.715415687544954
2016-08-17,53.7651030197217
2016-08-18,53.80052616439304
2016-08-19,53.78051034055769
2016-08-22,53.913101213690815
2016-08-23,54.27613814000204
2016-08-24,54.235956334272096
2016-08-25,54.482961150646
2016-08-26,54.407582847399105
2016-08-29,54.57773565952264
2016-08-30,54.23384656513485
2016-08-31,54.062092548232094
2016-09-01,54.2372927208459
2016-09-02,54.3382172444267
2016-09-06,54.03436160505551
2016-09-07,54.252659386986345
2016-09-08,54.02727413572341
2016-09-09,53.64551358266627
2016-09-12,53.672097735518925
2016-09-13,53.232427309268395
2016-09-14,53.08766716722467
2016-09-15,53.575007564718625
2016-09-16,53.55809875393033
2016-09-19,53.65735491278284
2016-09-20,53.44049203609911
2016-09-21,54.084098067451905
2016-09-22,54.0472255604993
2016-09-23,53.95880069957768
2016-09-26,53.742393729119634
2016-09-27,54.54836857725463
2016-09-28,54.49909213959431
2016-09-29,54.32856347015491
2016-09-30,54.38812729661315
2016-10-03,54.29290168592759
2016-10-04,54.1122004935492
2016-10-05,54.37154982272648
2016-10-06,54.22122734639915
2016-10-07,54.29354629102713
2016-10-10,54.69024593252427
2016-10-11,54.01888475986366
2016-10-12,53.70332519395535
2016-10-13,53.768390548502666
2016-10-14,54.14500838749249
2016-10-17,53.65204932451246
2016-10-18,54.20140027202966
2016-10-19,54.192413821342704
2016-10-20,53.606052407419845
2016-10-21,55.03947791810234
2016-10-24,56.239528449314065
2016-10-25,57.04944124071255
2016-10-26,57.508311590877945
2016-10-27,56.97497862385786
2016-10-28,56.86222015392954
2016-10-31,56.6920065343911
2016-11-01,56.091902272162756
2016-11-02,55.90361252290759
2016-11-03,55.98601618203198
2016-11-04,55.77869959975538
2016-11-07,56.59346525205585
2016-11-08,56.40046654321728
2016-11-09,56.14169542207857
2016-11-10,55.17511671624023
2016-11-11,55.70767026278488
2016-11-14,54.58328384929922
2016-11-15,55.43587527732287
2016-11-16,55.414295922957365
2016-11-17,56.39971590015831
2016-11-18,56.725956078769116
2016-11-21,57.17649297254858
2016-11-22,57.59114495207162
2016-11-23,57.02234401411733
2016-11-25,57.000403472723725
2016-11-28,57.3410969446387
2016-11-29,57.6638299975276
2016-11-30,57.10247017907213
2016-12-01,56.53649670338833
2016-12-02,56.43324004744648
2016-12-05,57.01015545171401
2016-12-06,56.49088354220615
2016-12-07,57.3375385635875
2016-12-08,57.68390523799521
2016-12-09,58.26876811358588
2016-12-12,58.58615230582579
2016-12-13,59.38780516616073
2016-12-14,59.28519324652853
2016-12-15,59.38032265416192
2016-12-16,59.06260252288148
2016-12-19,59.94623831309603
2016-12-20,59.7585038269243
2016-12-21,60.23236090551852
2016-12-22,60.454673336946364
2016-12-23,60.16517303882031
2016-12-27,60.598495005982066
2016-12-28,59.86905824710882
2016-12-29,59.81541786914301
2016-12-30,59.21647965491989
2017-01-03,59.16681133153826
2017-01-04,59.12888757425602
2017-01-05,58.98393902089446
2017-01-06,59.25025202487209
2017-01-09,59.240281948065906
2017-01-10,59.1693937999166
2017-01-11,59.682138274746144
2017-01-12,59.321004257140494
2017-01-13,59.44540981601715
2017-01-17,59.16210153262181
2017-01-18,59.20967086521773
2017-01-19,59.448707657449155
2017-01-20,59.42382861045703
2017-01-23,59.673570419455736
2017-01-24,59.984792839238644
2017-01-25,60.188422687384055
2017-01-26,60.63282331789267
2017-01-27,61.61379621885887
2017-01-30,61.64106307309615
2017-01-31,61.537898619510955
2017-02-01,61.08669261769696
2017-02-02,60.66904348258368
2017-02-03,60.56106546875242
2017-02-06,60.40700246983633
2017-02-07,60.304217156383956
2017-02-08,60.55744094511614
2017-02-09,60.86392227687606
2017-02-10,60.62810733153747
2017-02-13,61.120093948750814
2017-02-14,61.26146477323914
2017-02-15,61.47360463059153
2017-02-16,61.68950658676819
2017-02-17,61.68151705354328
2017-02-21,61.818647199266664
2017-02-22,61.37877948865608
2017-02-23,61.540070478072266
2017-02-24,61.65978306773771
2017-02-27,61.37532191603523
2017-02-28,61.308516377134445
2017-03-01,61.944309460005
2017-03-02,61.30553494847732
2017-03-03,61.29799186730524
2017-03-06,61.50136751305175
2017-03-07,61.75865194073323
2017-03-08,61.86865697528051
2017-03-09,61.667280091778025
2017-03-10,61.951308307918566
2017-03-13,61.80114590609061
2017-03-14,61.50023909570125
2017-03-15,61.70178844267919
2017-03-16,61.53946663185539
2017-03-17,61.9335898111597
2017-03-20,62.032750448718254
2017-03-21,61.658899659910674
2017-03-22,62.039468883394115
2017-03-23,62.06098984924556
2017-03-24,62.02167466418594
2017-03-27,62.043648560120275
2017-03-28,62.39813437440745
2017-03-29,62.53195101528599
2017-03-30,62.81061993795741
2017-03-31,62.978511779966055
2017-04-03,62.66872130525906
2017-04-04,62.79774473711927
2017-04-05,62.674568509062745
2017-04-06,62.83902464285016
2017-04-07,62.60515028595174
2017-04-10,62.61123659972585
2017-04-11,62.37529979641041
2017-04-12,62.50921928230292
2017-04-13,62.52524574741251
2017-04-17,62.41596588438563
2017-04-18,62.40111450787738
2017-04-19,62.016687824327484
2017-04-20,62.38343232813356
2017-04-21,62.88318998375139
2017-04-24,63.50932159805259
2017-04-25,64.16424445917967
2017-04-26,64.66833258335288
2017-04-27,65.17004367738069
2017-04-28,64.92757210369494
2017-05-01,65.80201638989537
2017-05-02,65.93647246871798
2017-05-03,65.98121659722376
2017-05-04,65.8618052379257
2017-05-05,65.89128656836031
2017-05-08,65.77785927146691
2017-05-09,66.03170290556146
2017-05-10,66.14883120943837
2017-05-11,65.52369627004953
2017-05-12,65.27778286123589
2017-05-15,65.04044446453352
2017-05-16,65.93117183298746
2017-05-17,64.73649635480287
2017-05-18,64.80098363676562
2017-05-19,64.95668207870337
2017-05-22,65.10202314221434
2017-05-23,65.17871676976786
2017-05-24,65.49030038941255
2017-05-25,66.21971204885331
2017-05-26,66.65901566262586
2017-05-30,67.02424734221434
2017-05-31,66.95009659701033
2017-06-01,67.04133164181674
2017-06-02,67.94676118965747
2017-06-05,68.63713702337398
2017-06-06,69.2210433966801
2017-06-07,69.53195269707801
2017-06-08,69.40532625635785
2017-06-09,68.10893681720992
2017-06-12,67.68110012054868
2017-06-13,68.36079593875004
2017-06-14,67.44969754690833
2017-06-15,67.06715872385614
2017-06-16,67.13954019698629
2017-06-19,67.70524793326553
2017-06-20,66.98652699430608
2017-06-21,67.10355748228095
2017-06-22,66.6237177365625
2017-06-23,67.5006619475592
2017-06-26,67.22051150783949
2017-06-27,66.52267531872278
2017-06-28,66.6888202664039
2017-06-29,65.92833492745773
2017-06-30,66.18765942929522
2017-07-03,65.59625453387419
2017-07-05,66.25466164933917
2017-07-06,65.67194251752862
2017-07-07,66.5008032683146
2017-07-10,66.54919326294056
2017-07-11,67.12846343339302
2017-07-12,67.84489183745605
2017-07-13,68.443129413452
2017-07-14,69.2074769320456
2017-07-17,69.98888704774733
2017-07-18,70.30386410447257
2017-07-19,71.01214107564486
2017-07-20,71.04580442113881
2017-07-21,71.31325696531552
2017-07-24,71.15238021651501
2017-07-25,71.57847731994504
2017-07-26,71.49768554191822
2017-07-27,71.01970614526947
2017-07-28,70.89528283816072
2017-07-31,70.38861037172599
2017-08-01,70.10391613379707
2017-08-02,69.06657804058757
2017-08-03,69.3361382823052
2017-08-04,69.60641477291163
2017-08-07,69.23780170970343
2017-08-08,69.39778067935453
2017-08-09,68.97588760506042
2017-08-10,68.8327260966889
2017-08-11,69.21520242595925
2017-08-14,69.99355431198863
2017-08-15,69.9182213601076
2017-08-16,70.59064557117497
2017-08-17,70.26742041319396
2017-08-18,70.07019251851388
2017-08-21,69.59609164961653
2017-08-22,70.43121243638727
2017-08-23,70.0526781779694
2017-08-24,69.95741643808645
2017-08-25,70.47083100907935
2017-08-28,70.27591841040032
2017-08-29,70.37530741175127
2017-08-30,71.00135938181847
2017-08-31,71.5336160124675
2017-09-01,71.21696273577007
2017-09-05,71.27652688821362
2017-09-06,71.21135969996809
2017-09-07,71.70346808544771
2017-09-08,71.23080776872592
2017-09-11,71.94200210470711
2017-09-12,71.87811512098571
2017-09-13,72.41757452449255
2017-09-14,72.42347711637235
2017-09-15,72.41684836186958
2017-09-18,72.82903149046099
2017-09-19,72.9094986401863
2017-09-20,72.25174451740523
2017-09-21,71.98532092753747
2017-09-22,71.85582664907068
2017-09-25,71.05440695154132
2017-09-26,70.74573908945874
2017-09-27,70.94166152343448
2017-09-28,70.97119943546518
2017-09-29,71.32595523515852
2017-10-02,71.5186132444461
2017-10-03,71.4504633008992
2017-10-04,71.53196516028922
2017-10-05,72.34011492381201
2017-10-06,72.68256259446964
2017-10-09,73.23311070607333
2017-10-10,73.69036955268106
2017-10-11,73.53978646809708
2017-10-12,74.03761701787526
2017-10-13,74.31647311581082
2017-10-16,74.66899650847283
2017-10-17,74.74442933176275
2017-10-18,75.09833013472213
2017-10-19,75.12050028346285
2017-10-20,75.66582587587068
2017-10-23,75.81737243586856
2017-10-24,75.80422926324935
2017-10-25,75.84732573636175
2017-10-26,76.14695973519682
2017-10-27,78.4465684094089
2017-10-30,78.50676511362865
2017-10-31,79.14017433283428
2017-11-01,79.87270789753221
2017-11-02,80.46994571162598
2017-11-03,80.79462507300146
2017-11-06,81.19672218239795
2017-11-07,81.00318991543284
2017-11-08,81.18802849484021
2017-11-09,80.86049085986875
2017-11-10,81.17977090539776
2017-11-13,81.04945997553352
2017-11-14,80.84538305684174
2017-11-15,80.25921477395963
2017-11-16,80.32715028246206
2017-11-17,79.61464378552452
2017-11-20,79.39226974001939
2017-11-21,80.11468201603455
2017-11-22,79.6910327059532
2017-11-24,79.97000898566438
2017-11-27,80.7154532757778
2017-11-28,81.28573161705447
2017-11-29,80.39065993129462
2017-11-30,81.17707018116418
2017-12-01,81.36874091407907
2017-12-04,79.5661627401595
2017-12-05,79.89451833396866
2017-12-06,80.21073376686726
2017-12-07,79.55823205381691
2017-12-08,80.75907086598178
2017-12-11,81.74910239647761
2017-12-12,82.46406842440393
2017-12-13,82.7266011620023
2017-12-14,82.47773296371125
2017-12-15,83.3674979517391
2017-12-18,83.27935533468558
2017-12-19,82.64432730449523
2017-12-20,82.557995630837
2017-12-21,83.03252308744307
2017-12-22,82.61642227334518
2017-12-26,82.81734089170088
2017-12-27,83.00769280805217
2017-12-28,83.01222275402834
2017-12-29,83.17860976765725
2018-01-02,82.94642783879853
2018-01-03,83.45097774909924
2018-01-04,83.84272764034077
2018-01-05,84.54923237500216
2018-01-08,85.0568891991664
2018-01-09,85.36788328938218
2018-01-10,85.39340651571455
2018-01-11,85.22967054295549
2018-01-12,86.35918593417871
2018-01-16,85.44211333558911
2018-01-17,86.62485333231822
2018-01-18,87.41881371523479
2018-01-19,87.46012164741548
2018-01-22,88.29377033954543
2018-01-23,88.88576236719678
2018-01-24,88.75681281981454
2018-01-25,89.31528343261336
2018-01-26,90.5094284741118
2018-01-29,90.11916732777557
2018-01-30,89.31105695954162
2018-01-31,91.53039796517635
2018-02-01,91.3552131018585
2018-02-02,89.45303603866101
2018-02-05,88.72971633073124
2018-02-06,88.10486422600738
2018-02-07,87.38464735330354
2018-02-08,83.73914910930581
2018-02-09,83.93247674736246
2018-02-12,85.5508694736718
2018-02-13,85.00459166935455
2018-02-14,86.12731631355565
2018-02-15,88.24528886828563
2018-02-16,88.05824042125218
2018-02-20,88.89439965901873
2018-02-21,88.80448794727091
2018-02-22,88.5006460016438
2018-02-23,88.86733456484062
2018-02-26,90.97354446019959
2018-02-27,90.5519550630444
2018-02-28,91.23796436091476
2018-03-01,90.68002426194492
2018-03-02,90.81496519613594
2018-03-05,91.3931724089366
2018-03-06,90.64393135751516
2018-03-07,90.89298835311939
2018-03-08,91.68611540310033
2018-03-09,92.23257789778064
2018-03-12,93.14113859704837
2018-03-13,91.95005905558962
2018-03-14,91.3785079096943
2018-03-15,91.75986663353108
2018-03-16,92.0433888617752
2018-03-19,90.25041846425385
2018-03-20,91.23165301457324
2018-03-21,90.7994985834727
2018-03-22,88.79466733246714
2018-03-23,87.03460649235252
2018-03-26,90.13605180438601
2018-03-27,86.93300560605748
2018-03-28,87.04218827657995
2018-03-29,87.42075190632066
2018-04-02,86.0868959689298
2018-04-03,85.5894279667282
2018-04-04,88.67472748061756
2018-04-05,89.0169577955828
2018-04-06,88.04888753789895
2018-04-09,89.76522945469667
2018-04-10,90.26427094892746
2018-04-11,90.06900531539422
2018-04-12,90.8864004199781
2018-04-13,90.39596881221856
2018-04-16,91.4343962735651
2018-04-17,92.67121440749513
2018-04-18,93.53370954597348
2018-04-19,93.97355558346966
2018-04-20,93.25925843378533
2018-04-23,93.76876918074134
2018-04-24,92.29481677573264
2018-04-25,90.59962833790769
2018-04-26,92.48984691494967
2018-04-27,91.97626691972091
2018-04-30,90.80137982081027
2018-05-01,91.74970767968931
2018-05-02,90.54960439827722
2018-05-03,90.9795933039305
2018-05-04,91.48572006892779
2018-05-07,92.73348184479943
2018-05-08,92.23129517297006
2018-05-09,93.53241895336998
2018-05-10,94.82544432542883
2018-05-11,94.45432800038704
2018-05-14,95.05776323785716
2018-05-15,94.79104722385203
2018-05-16,94.41791780789269
2018-05-17,94.2254363388971
2018-05-18,94.47801254496369
2018-05-21,95.12419902214536
2018-05-22,94.94680743127414
2018-05-23,95.754256897115
2018-05-24,95.38359290401137
2018-05-25,96.40533914485044
2018-05-29,96.20935250776691
2018-05-30,96.71989456321978
2018-05-31,96.43128431297026
2018-06-01,97.31736244093304
2018-06-04,98.36257170472582
2018-06-05,99.14907082818041
2018-06-06,99.67860191100058
2018-06-07,99.22877295690994
2018-06-08,99.6150402839637
2018-06-11,99.33798063340728
2018-06-12,99.15744598858801
2018-06-13,98.74202632129864
2018-06-14,99.04597695330719
2018-06-15,98.28311716525182
2018-06-18,98.45050221975141
2018-06-19,98.3526204680132
2018-06-20,99.07383405546149
2018-06-21,98.57452797568487
2018-06-22,97.9190490062997
2018-06-25,96.65957000715355
2018-06-26,97.61747729252993
2018-06-27,95.8509974798131
2018-06-28,96.23417010395568
2018-06-29,96.29708360291184
2018-07-02,96.92802634356002
2018-07-03,96.42192951378232
2018-07-05,97.06020464810153
2018-07-06,98.14549386417396
2018-07-09,98.94443893379665
2018-07-10,99.4002242294151
2018-07-11,100.03203447347482
2018-07-12,101.32167189873749
2018-07-13,102.15289442673182
2018-07-16,102.57402658869793
2018-07-17,103.91030469667334
2018-07-18,103.37676936961536
2018-07-19,102.81514763842878
2018-07-20,103.6774752361417
2018-07-23,105.07167499949489
2018-07-24,104.87534534017229
2018-07-25,107.10619784421553
2018-07-26,107.06048510863796
2018-07-27,105.4830460354738
2018-07-30,104.60250958960029
2018-07-31,104.56341021357588
2018-08-01,103.57928291865827
2018-08-02,104.19012363088262
2018-08-03,104.60848942518743
2018-08-06,105.2563249617441
2018-08-07,105.96027865036181
2018-08-08,106.57457725720329
2018-08-09,106.9041102783639
2018-08-10,106.16585318402969
2018-08-13,105.79259585506225
2018-08-14,106.224980152915
2018-08-15,105.1641701089007
2018-08-16,105.5941124067418
2018-08-17,105.03021486882555
2018-08-20,104.7826985174502
2018-08-21,104.24723191296356
2018-08-22,104.67801860573387
2018-08-23,105.1819194901948
2018-08-24,105.58272065854315
2018-08-27,106.19491642951355
2018-08-28,107.4565367339054
2018-08-29,108.49376241186697
2018-08-30,109.47225394764983
2018-08-31,110.2034618541743
2018-09-04,109.61971278756658
2018-09-05,108.38454135810088
2018-09-06,107.99642167749809
2018-09-07,107.20065365467747
2018-09-10,107.57468734270431
2018-09-11,108.76074758042355
2018-09-12,109.06268100220723
2018-09-13,110.66089909500475
2018-09-14,110.8943738582732
2018-09-17,110.72042375728391
2018-09-18,111.25886084818028
2018-09-19,110.00363063524942
2018-09-20,111.19948106241152
2018-09-21,111.42109589605647
2018-09-24,111.48114778748287
2018-09-25,111.98842205115879
2018-09-26,112.39154216581804
2018-09-27,112.55126754717251
2018-09-28,112.42183398567961
2018-10-01,112.88828499978688
2018-10-02,112.60267349628431
2018-10-03,112.94110740022731
2018-10-04,111.14375547258895
2018-10-05,110.63605640174411
2018-10-08,109.25191985096862
2018-10-09,110.24564475105298
2018-10-10,106.11193383232623
2018-10-11,106.38751768893343
2018-10-12,106.89737228147567
2018-10-15,105.01115536174703
2018-10-16,106.7106215286321
2018-10-17,106.85516168367698
2018-10-18,105.96722228397388
2018-10-19,106.73939304507948
2018-10-22,106.61145342365188
2018-10-23,105.33264528799694
2018-10-24,102.79864103724306
2018-10-25,106.68503897741378
2018-10-26,105.69326063800789
2018-10-29,102.6430834898034
2018-10-30,101.16632267558944
2018-10-31,105.87807620339187
2018-11-01,104.36724466400176
2018-11-02,104.29863789947466
2018-11-05,105.99968416427771
2018-11-06,105.37186285124432
2018-11-07,107.60620197122273
2018-11-08,108.39803966690914
2018-11-09,107.86465866871666
2018-11-12,106.30072509503034
2018-11-13,107.56338531066207
2018-11-14,105.30683736250636
2018-11-15,105.75315295188895
2018-11-16,106.90730324295583
2018-11-19,104.6711465761778
2018-11-20,102.73194262519675
2018-11-21,103.53085375310094
2018-11-23,102.61381819627425
2018-11-26,103.76963685692817
2018-11-27,104.60245435498432
2018-11-28,106.90354629815025
2018-11-29,107.70065778279356
2018-11-30,108.52213466305373
2018-12-03,109.43850740729738
2018-12-04,107.7023540234697
2018-12-06,108.1656313147092
2018-12-07,105.95944709027192
2018-12-10,106.51047881871061
2018-12-11,106.8666634688713
2018-12-12,107.60921311036712
2018-12-13,107.61356254918663
2018-12-14,105.91582488678675
2018-12-17,103.19878613479302
2018-12-18,102.85125553082307
2018-12-19,102.73743117458731
2018-12-20,99.42942449997999
2018-12-21,98.29167642306028
2018-12-24,94.87726800966979
2018-12-26,96.74395352938978
2018-12-27,95.90805911838113
2018-12-28,96.72093633020091
2018-12-31,98.67766660827726
2019-01-02,99.82467710274774
2019-01-03,96.65126492956797
2019-01-04,99.41798671135466
2019-01-07,100.26230313953977
2019-01-08,100.51972904534135
2019-01-09,101.48109867744479
2019-01-10,102.03731249638972
2019-01-11,101.42569589808113
2019-01-14,101.62074540681674
2019-01-15,103.40064577306026
2019-01-16,103.97533280314839
2019-01-17,104.65798991163444
2019-01-18,105.69186263373705
2019-01-22,105.52398481232387
2019-01-23,105.40550328339694
2019-01-24,104.81623480898182
2019-01-25,105.95532635949925
2019-01-28,104.36164501525877
2019-01-29,103.25719441297016
2019-01-30,105.15850375189257
2019-01-31,103.74076217019862
2019-02-01,102.3654496064371
2019-02-04,104.09042636654863
2019-02-05,105.44661402397793
2019-02-06,104.4106236126525
2019-02-07,104.06709978854815
2019-02-08,104.95702450214745
2019-02-11,104.15362545829984
2019-02-12,104.68002355519513
2019-02-13,104.82387852637211
2019-02-14,104.9328290696178
2019-02-15,105.62065703134084
2019-02-19,106.60672526402378
2019-02-20,105.5545182191253
2019-02-21,107.53887857521454
2019-02-22,108.60027374745901
2019-02-25,109.6937502343769
2019-02-26,111.08247159074912
2019-02-27,111.14904723844896
2019-02-28,111.29286226068965
2019-03-01,110.97519990985866
2019-03-04,110.61573076554538
2019-03-05,110.64737820065076
2019-03-06,110.78535133842313
2019-03-07,109.9584718278832
2019-03-08,109.77559181166924
2019-03-11,111.23353624035319
2019-03-12,111.5917245770563
2019-03-13,112.24468373434537
2019-03-14,113.15786786978623
2019-03-15,113.65707794803059
2019-03-18,114.60778736387063
2019-03-19,114.6782666155083
2019-03-20,115.36840659730065
2019-03-21,117.31759955328891
2019-03-22,115.4470661675572
2019-03-25,115.9004918668511
2019-03-26,115.74751721217606
2019-03-27,115.20857373218266
2019-03-28,114.95300415498085
2019-03-29,115.89738334606102
2019-04-01,116.55788549690516
2019-04-02,116.94824313741825
2019-04-03,117.5697304354373
2019-04-04,116.94887774808528
2019-04-05,117.95824987854718
2019-04-08,117.5289228429066
2019-04-09,117.85739796395977
2019-04-10,118.4231688819332
2019-04-11,118.40258573725094
2019-04-12,119.07957981829624
2019-04-15,119.40643928432
2019-04-16,118.808096798669
2019-04-17,119.52977000102827
2019-04-18,120.48455121738738
2019-04-22,121.63376605272894
2019-04-23,122.85365358523394
2019-04-24,123.34511862071894
2019-04-25,125.85924296872528
2019-04-26,126.92496282357183
2019-04-29,127.93677744766876
2019-04-30,129.2981171216437
2019-05-01,127.58700132670901
2019-05-02,126.6168194587406
2019-05-03,128.34394793146652
2019-05-06,127.34151370948368
2019-05-07,125.07085702412665
2019-05-08,125.27621221805028
2019-05-09,124.91400851864348
2019-05-10,125.41853650065192
2019-05-13,123.25987513557412
2019-05-14,123.44384991640196
2019-05-15,123.93117232439619
2019-05-16,126.03835536272732
2019-05-17,126.30226299072694
2019-05-20,124.91344794685624
2019-05-21,125.56620884950377
2019-05-22,125.95290574941387
2019-05-23,124.11569461494993
2019-05-24,125.29225455599253
2019-05-28,125.60450998152007
2019-05-29,124.02698478504352
2019-05-30,124.57870173149455
2019-05-31,123.28101732145227
2019-06-03,121.06629379676905
2019-06-04,122.70534864363894
2019-06-05,124.06462364616824
2019-06-06,124.94703592455025
2019-06-07,127.18982332577983
2019-06-10,130.09769307965254
2019-06-11,129.8814950576581
2019-06-12,130.46164441803015
2019-06-13,131.45941371966947
2019-06-14,131.38490089197074
2019-06-17,131.7136704410524
2019-06-18,132.92209766819525
2019-06-19,133.35892510406654
2019-06-20,134.65435825598124
2019-06-21,136.4734533540226
2019-06-24,137.36128375731755
2019-06-25,134.43388512642244
2019-06-26,134.98037584078006
2019-06-27,133.81504778599844
2019-06-28,132.6134597109109
2019-07-01,133.12378202830433
2019-07-02,134.21747307560076
2019-07-03,135.34572823667898
2019-07-05,135.88663510402702
2019-07-08,135.6164332936299
2019-07-09,135.9130699854632
2019-07-10,136.76888806570983
2019-07-11,136.93207002959477
2019-07-12,136.98759109896724
2019-07-15,137.53049240632544
2019-07-16,136.4479224993249
2019-07-17,136.16976041385846
2019-07-18,135.75268153197126
2019-07-19,135.6337925934151
2019-07-22,136.59069797070075
2019-07-23,136.79092860532833
2019-07-24,138.96560756362592
2019-07-25,138.6034346107695
2019-07-26,140.01200176140395
2019-07-29,139.3885694271253
2019-07-30,140.03147655880463
2019-07-31,137.68486018458728
2019-08-01,140.1873703993748
2019-08-02,136.7492509025832
2019-08-05,133.56422402072113
2019-08-06,134.64434213069694
2019-08-07,133.6466761598849
2019-08-08,136.64600074980083
2019-08-09,135.95545540411015
2019-08-12,135.5817711808723
2019-08-13,137.1080678106658
2019-08-14,134.44110945546362
2019-08-15,133.36376616112372
2019-08-16,135.11834178837063
2019-08-19,136.58817005494586
2019-08-20,136.56059477098634
2019-08-21,138.29928499086998
2019-08-22,137.28434425488558
2019-08-23,136.06653381459324
2019-08-26,135.94531848238796
2019-08-27,135.86538931185024
2019-08-28,134.92539449740485
2019-08-29,137.25718391142996
2019-08-30,136.87068921066546
2019-09-03,136.72112581083556
2019-09-04,137.41559190310934
2019-09-05,138.85125226907545
2019-09-06,138.26472767402456
2019-09-09,137.4009649512611
2019-09-10,136.68691797526057
2019-09-11,136.876008684663
2019-09-12,137.5260353726155
2019-09-13,136.83190098062667
2019-09-16,136.64625307443688
2019-09-17,137.08009481322105
2019-09-18,137.7510061732435
2019-09-19,139.50146596345718
2019-09-20,138.23669407425638
2019-09-23,138.51136714026612
2019-09-24,137.73648004808229
2019-09-25,138.7079145874757
2019-09-26,139.01443194142817
2019-09-27,137.77960813569317
2019-09-30,138.77655678017382
2019-10-01,138.1062071258339
2019-10-02,135.64719278808346
2019-10-03,135.7199458349088
2019-10-04,137.4013325225233
2019-10-07,136.91961929289673
2019-10-08,136.3467429639603
2019-10-09,137.8231508624431
2019-10-10,137.8888357882191
2019-10-11,138.2387867142821
2019-10-14,138.47668301258076
2019-10-15,139.8752101029867
2019-10-16,139.0071527396606
2019-10-17,139.27220581909683
2019-10-18,138.19167720300243
2019-10-21,138.06333974214664
2019-10-22,137.38146807790574
2019-10-23,136.40329347579518
2019-10-24,138.72655130899005
2019-10-25,139.82140215380525
2019-10-28,141.73485118783006
2019-10-29,142.1037221211542
2019-10-30,143.38283008002148
2019-10-31,143.5947021332211
2019-11-01,143.2524034741239
2019-11-04,144.14381472003
2019-11-05,143.97714724369368
2019-11-06,143.69498068463582
2019-11-07,144.4982404197588
2019-11-08,145.5370099525976
2019-11-11,145.72012034739
2019-11-12,146.70536539939496
2019-11-13,147.11029278063796
2019-11-14,148.24984329343815
2019-11-15,148.72942531560153
2019-11-18,148.97678033313463
2019-11-19,149.73373578297145
2019-11-20,149.50050083423432
2019-11-21,149.2637256299725
2019-11-22,149.7256907189048
2019-11-25,151.30829109321078
2019-11-26,151.87983960848013
2019-11-27,152.17872037280856
2019-11-29,152.31811226299777
2019-12-02,150.82544134741173
2019-12-03,150.60385574765073
2019-12-04,150.47287405552504
2019-12-05,150.0917155188528
2019-12-06,150.88958874156742
2019-12-09,151.58489836797904
2019-12-10,150.88054204131015
2019-12-11,150.75799488192484
2019-12-12,151.83606439422024
2019-12-13,152.8265957226237
2019-12-16,154.04206629559576
2019-12-17,154.84810342859035
2019-12-18,155.59375114749395
2019-12-19,155.83159541168038
2019-12-20,156.1880433152135
2019-12-23,156.49747994883754
2019-12-24,157.04014545849768
2019-12-26,158.62820055285977
2019-12-27,158.44805045262478
2019-12-30,157.64168967887684
2019-12-31,158.0136372626302
2020-01-02,160.03457884856272
2020-01-03,159.42286996218047
2020-01-06,159.07333239307832
2020-01-07,158.62113403585192
2020-01-08,159.9506667634723
2020-01-09,160.56421907204742
2020-01-10,160.74386400436245
2020-01-13,162.2510853529723
2020-01-14,162.4744960493665
2020-01-15,163.01828232551577
2020-01-16,164.190960135753
2020-01-17,164.8256322869733
2020-01-21,166.67473543174432
2020-01-22,166.08805987136236
2020-01-23,166.81842647613666
2020-01-24,165.6003393739129
2020-01-27,164.4920209045295
2020-01-28,165.87648318218177
2020-01-29,166.70651332705498
2020-01-30,168.38473024843125
2020-01-31,168.79350668937687
2020-02-03,172.87940521763295
2020-02-04,176.19448918907784
2020-02-05,175.80837170522483
2020-02-06,180.9957745826263
